[
  {
    "id": "d72c7b43-f187-4e98-ade6-71e88236fb02",
    "data": [
      {
        "text": "When will my claim get paid?",
        "userDefined": false
      }
    ],
    "isTemplate": false,
    "count": 0,
    "updated": 0
  },
  {
    "id": "103750ca-c267-46aa-94da-2febe68ad49a",
    "data": [
      {
        "text": "Has my claim been approved?",
        "userDefined": false
      }
    ],
    "isTemplate": false,
    "count": 0,
    "updated": 0
  },
  {
    "id": "e89af845-f08b-4e77-b1d6-d24ab85e5341",
    "data": [
      {
        "text": "I want to check my claim",
        "userDefined": false
      }
    ],
    "isTemplate": false,
    "count": 0,
    "updated": 0
  },
  {
    "id": "fcb84a6e-d522-4374-9bc4-da60fc38e4b6",
    "data": [
      {
        "text": "Has my claim been denied?",
        "userDefined": false
      }
    ],
    "isTemplate": false,
    "count": 1,
    "updated": 0
  },
  {
    "id": "459fb660-57d0-495b-b988-0cf3899f16d3",
    "data": [
      {
        "text": "What is the status of my claim?",
        "userDefined": false
      }
    ],
    "isTemplate": false,
    "count": 0,
    "updated": 0
  },
  {
    "id": "689a0107-c322-4fba-adf0-dd004ddabf6b",
    "data": [
      {
        "text": "I\u0027d like to check the status of my claim",
        "userDefined": false
      }
    ],
    "isTemplate": false,
    "count": 0,
    "updated": 0
  }
]