[
  {
    "id": "ca2e590b-f173-4037-8257-8022ebe7304d",
    "data": [
      {
        "text": "password",
        "userDefined": false
      }
    ],
    "isTemplate": false,
    "count": 0,
    "updated": 0
  },
  {
    "id": "fde1e7a7-cc94-4acf-a47c-862cb860f6b7",
    "data": [
      {
        "text": "Password help",
        "userDefined": false
      }
    ],
    "isTemplate": false,
    "count": 0,
    "updated": 0
  },
  {
    "id": "9549ff80-6837-42a5-a6a4-36e1941d4f98",
    "data": [
      {
        "text": "What are the password requirements?",
        "userDefined": false
      }
    ],
    "isTemplate": false,
    "count": 0,
    "updated": 0
  },
  {
    "id": "b8d8f2a8-2476-4766-9959-a50ce6d3ea6d",
    "data": [
      {
        "text": "new Password",
        "userDefined": false
      }
    ],
    "isTemplate": false,
    "count": 0,
    "updated": 0
  },
  {
    "id": "83379877-0649-49aa-97ef-716c0def724d",
    "data": [
      {
        "text": "Change password",
        "userDefined": false
      }
    ],
    "isTemplate": false,
    "count": 0,
    "updated": 0
  },
  {
    "id": "73460685-3571-41cf-9d8d-182622675cca",
    "data": [
      {
        "text": "What is my password?",
        "userDefined": false
      }
    ],
    "isTemplate": false,
    "count": 0,
    "updated": 0
  },
  {
    "id": "08cd8817-06d6-4579-bc96-013605cec542",
    "data": [
      {
        "text": "How do I update my password?",
        "userDefined": false
      }
    ],
    "isTemplate": false,
    "count": 0,
    "updated": 0
  },
  {
    "id": "0727c49f-c375-432c-9931-e92f2eb4c7e5",
    "data": [
      {
        "text": "How do I change my password?",
        "userDefined": false
      }
    ],
    "isTemplate": false,
    "count": 0,
    "updated": 0
  },
  {
    "id": "6e784138-b6da-4671-9263-180c043518c3",
    "data": [
      {
        "text": "I need to create a strong password",
        "userDefined": false
      }
    ],
    "isTemplate": false,
    "count": 0,
    "updated": 0
  },
  {
    "id": "5dc7bc96-0675-42a4-9045-8ae90fe1a836",
    "data": [
      {
        "text": "i need to create a new password",
        "userDefined": false
      }
    ],
    "isTemplate": false,
    "count": 0,
    "updated": 0
  },
  {
    "id": "837ea014-3b30-49bd-aa1d-8979c84d1610",
    "data": [
      {
        "text": "update password",
        "userDefined": false
      }
    ],
    "isTemplate": false,
    "count": 0,
    "updated": 0
  },
  {
    "id": "909fc482-68ea-4602-9c58-184da3ac7a1b",
    "data": [
      {
        "text": "change password",
        "userDefined": false
      }
    ],
    "isTemplate": false,
    "count": 0,
    "updated": 0
  },
  {
    "id": "15df0147-56fe-4271-b9f0-1cf295a07e91",
    "data": [
      {
        "text": "I forgot my password",
        "userDefined": false
      }
    ],
    "isTemplate": false,
    "count": 0,
    "updated": 0
  },
  {
    "id": "a4dcea57-b74b-4f9b-a1c8-a72ca6e34c15",
    "data": [
      {
        "text": "I need to reset my password",
        "userDefined": false
      }
    ],
    "isTemplate": false,
    "count": 0,
    "updated": 0
  },
  {
    "id": "08a6bf8d-0260-4b5d-a3c3-871607cb4add",
    "data": [
      {
        "text": "I want to reset my password",
        "userDefined": false
      }
    ],
    "isTemplate": false,
    "count": 0,
    "updated": 0
  }
]