[
  {
    "id": "2cd38a92-d2d3-4968-b0ee-852e86b95784",
    "data": [
      {
        "text": "i need to reset my password",
        "userDefined": false
      }
    ],
    "isTemplate": false,
    "count": 0,
    "updated": 0
  },
  {
    "id": "82ae2b92-e814-49df-a5ee-b826f1139e5c",
    "data": [
      {
        "text": "i need to create a strong password",
        "userDefined": false
      }
    ],
    "isTemplate": false,
    "count": 1,
    "updated": 0
  },
  {
    "id": "77f8db04-7dae-4e1f-aebd-ac3455b1ccc0",
    "data": [
      {
        "text": "i forgot my password",
        "userDefined": false
      }
    ],
    "isTemplate": false,
    "count": 0,
    "updated": 0
  },
  {
    "id": "68fa4d70-c3fb-473b-addc-761b1352ba9d",
    "data": [
      {
        "text": "how do I update my password",
        "userDefined": false
      }
    ],
    "isTemplate": false,
    "count": 0,
    "updated": 0
  },
  {
    "id": "d77d93b8-be87-4c5f-828b-fabdaa74d6ab",
    "data": [
      {
        "text": "what is my password",
        "userDefined": false
      }
    ],
    "isTemplate": false,
    "count": 1,
    "updated": 0
  },
  {
    "id": "9ff33c4d-f600-4d35-9790-92f4e071202d",
    "data": [
      {
        "text": "i need to change my password",
        "userDefined": false
      }
    ],
    "isTemplate": false,
    "count": 0,
    "updated": 0
  },
  {
    "id": "c65b2650-3099-4fca-a827-c0b4f24c4257",
    "data": [
      {
        "text": "change password",
        "userDefined": false
      }
    ],
    "isTemplate": false,
    "count": 0,
    "updated": 0
  },
  {
    "id": "12b42f36-6db3-47b3-aa1c-c750147ef23d",
    "data": [
      {
        "text": "new password",
        "userDefined": false
      }
    ],
    "isTemplate": false,
    "count": 0,
    "updated": 0
  },
  {
    "id": "04aef4eb-ce45-4e06-a613-6322f9762529",
    "data": [
      {
        "text": "reset password",
        "userDefined": false
      }
    ],
    "isTemplate": false,
    "count": 0,
    "updated": 0
  },
  {
    "id": "ace94cc7-afa1-41a8-9df9-5c27065a048a",
    "data": [
      {
        "text": "password reset",
        "userDefined": false
      }
    ],
    "isTemplate": false,
    "count": 0,
    "updated": 0
  },
  {
    "id": "503cfb22-cd97-45e6-980c-7ea77d1b02ee",
    "data": [
      {
        "text": "password help",
        "userDefined": false
      }
    ],
    "isTemplate": false,
    "count": 0,
    "updated": 0
  },
  {
    "id": "8ef506f7-ebe8-48b1-a481-5aceafd8e1aa",
    "data": [
      {
        "text": "password",
        "meta": "@sys.ignore",
        "userDefined": false
      }
    ],
    "isTemplate": false,
    "count": 0,
    "updated": 0
  },
  {
    "id": "6216d7ad-fea7-4765-b8eb-586d516c8840",
    "data": [
      {
        "text": "I\u0027m locked out of my account",
        "userDefined": false
      }
    ],
    "isTemplate": false,
    "count": 0,
    "updated": 0
  },
  {
    "id": "a1c62223-5711-493f-8cc6-878642fbed48",
    "data": [
      {
        "text": "My account is locked",
        "userDefined": false
      }
    ],
    "isTemplate": false,
    "count": 0,
    "updated": 0
  },
  {
    "id": "c481f344-0247-4571-810c-e1c44f13e8d6",
    "data": [
      {
        "text": "I\u0027m locked out",
        "userDefined": false
      }
    ],
    "isTemplate": false,
    "count": 0,
    "updated": 0
  }
]