[
  {
    "id": "bb17519f-6f4b-4505-8f9a-4cca11f643d0",
    "data": [
      {
        "text": "I want to pay my balance",
        "userDefined": false
      }
    ],
    "isTemplate": false,
    "count": 0,
    "updated": 0
  },
  {
    "id": "3b53c1bd-e3bf-4925-822f-f4b229c472dc",
    "data": [
      {
        "text": "How can I make a payment?",
        "userDefined": false
      }
    ],
    "isTemplate": false,
    "count": 0,
    "updated": 0
  },
  {
    "id": "fe0a5683-a993-46f3-9377-709e8c924de2",
    "data": [
      {
        "text": "I\u0027d like to pay my bill",
        "userDefined": false
      }
    ],
    "isTemplate": false,
    "count": 0,
    "updated": 0
  },
  {
    "id": "a65d4add-deee-4dce-abb3-8eb13d2fcd36",
    "data": [
      {
        "text": "Can I pay my bill?",
        "userDefined": false
      }
    ],
    "isTemplate": false,
    "count": 0,
    "updated": 0
  },
  {
    "id": "e4cc3354-9ba5-4420-b066-b65888f73bba",
    "data": [
      {
        "text": "I need to make a payment",
        "userDefined": false
      }
    ],
    "isTemplate": false,
    "count": 0,
    "updated": 0
  },
  {
    "id": "0ccfb299-7fd4-49fd-8c4c-134fb0b730af",
    "data": [
      {
        "text": "I need to pay my bill",
        "userDefined": false
      }
    ],
    "isTemplate": false,
    "count": 0,
    "updated": 0
  }
]