[
  {
    "id": "bfaa7504-4d3d-4bf0-9944-f2b4fa65fada",
    "data": [
      {
        "text": "rich response please",
        "userDefined": false
      }
    ],
    "isTemplate": false,
    "count": 0,
    "updated": 0
  },
  {
    "id": "0b38b13e-efb8-4516-8d83-fec9e37aeac3",
    "data": [
      {
        "text": "i want a rich response",
        "userDefined": false
      }
    ],
    "isTemplate": false,
    "count": 0,
    "updated": 0
  },
  {
    "id": "6e99347c-6b1e-452f-933e-9bddaeaa2e41",
    "data": [
      {
        "text": "Show me a rich response item",
        "userDefined": false
      }
    ],
    "isTemplate": false,
    "count": 0,
    "updated": 0
  }
]