[
  {
    "id": "eb73e284-8f49-4c19-99b9-55727bf55bb8",
    "data": [
      {
        "text": "send text",
        "userDefined": false
      }
    ],
    "isTemplate": false,
    "count": 0,
    "updated": 0
  },
  {
    "id": "d6713dea-ea84-4e2d-919e-c1955579b988",
    "data": [
      {
        "text": "send an SMS",
        "userDefined": false
      }
    ],
    "isTemplate": false,
    "count": 0,
    "updated": 0
  },
  {
    "id": "0e9ad6b0-5837-4b80-983f-67b49cd93c2a",
    "data": [
      {
        "text": "send a text",
        "userDefined": false
      }
    ],
    "isTemplate": false,
    "count": 0,
    "updated": 0
  }
]