[
  {
    "id": "f8bf2aa3-6bdb-4865-aea2-34dc6f54ba27",
    "data": [
      {
        "text": "this is bullshit",
        "userDefined": false
      }
    ],
    "isTemplate": false,
    "count": 0,
    "updated": 0
  },
  {
    "id": "dc0eeae0-02ad-48f2-95de-0b9fce9550ff",
    "data": [
      {
        "text": "WTF",
        "userDefined": false
      }
    ],
    "isTemplate": false,
    "count": 0,
    "updated": 0
  },
  {
    "id": "3f2e5859-77ac-4ffb-bfdb-37b38652e496",
    "data": [
      {
        "text": "fuck you",
        "userDefined": false
      }
    ],
    "isTemplate": false,
    "count": 0,
    "updated": 0
  },
  {
    "id": "0463d3e1-1c1e-4912-aba3-e186a124d500",
    "data": [
      {
        "text": "goddammit",
        "meta": "@sys.ignore",
        "userDefined": false
      }
    ],
    "isTemplate": false,
    "count": 0,
    "updated": 0
  },
  {
    "id": "aa58d039-e2ca-4486-bccc-09d63225c7a9",
    "data": [
      {
        "text": "agent please",
        "userDefined": false
      }
    ],
    "isTemplate": false,
    "count": 0,
    "updated": 0
  },
  {
    "id": "0071382f-e979-4575-8c10-be285d41d4b0",
    "data": [
      {
        "text": "can i speak to an operator",
        "userDefined": false
      }
    ],
    "isTemplate": false,
    "count": 0,
    "updated": 0
  },
  {
    "id": "a883f4e6-33b7-4a2d-8556-bc10e3c252eb",
    "data": [
      {
        "text": "help",
        "meta": "@sys.ignore",
        "userDefined": false
      }
    ],
    "isTemplate": false,
    "count": 0,
    "updated": 0
  },
  {
    "id": "944db7be-0d42-4849-95e0-cc2d699a108a",
    "data": [
      {
        "text": "I think this is broken",
        "userDefined": false
      }
    ],
    "isTemplate": false,
    "count": 0,
    "updated": 0
  },
  {
    "id": "1abff32b-0306-4c8b-b862-f7628ac647be",
    "data": [
      {
        "text": "I\u0027m stuck",
        "userDefined": false
      }
    ],
    "isTemplate": false,
    "count": 0,
    "updated": 0
  },
  {
    "id": "324bed7c-801e-4384-8d8f-5e95f604acf5",
    "data": [
      {
        "text": "I need to speak to a real person",
        "userDefined": false
      }
    ],
    "isTemplate": false,
    "count": 0,
    "updated": 0
  }
]