[
  {
    "id": "cf5f0954-dbc9-4170-b265-e2a19c54e579",
    "data": [
      {
        "text": "password",
        "userDefined": false
      }
    ],
    "isTemplate": false,
    "count": 0,
    "updated": 0
  },
  {
    "id": "72c3f4c1-0492-483f-a0c6-7df74619d00e",
    "data": [
      {
        "text": "Password help",
        "userDefined": false
      }
    ],
    "isTemplate": false,
    "count": 0,
    "updated": 0
  },
  {
    "id": "93c5d176-877c-4ed9-a278-c79657b4035e",
    "data": [
      {
        "text": "What are the password requirements?",
        "userDefined": false
      }
    ],
    "isTemplate": false,
    "count": 0,
    "updated": 0
  },
  {
    "id": "f2d3964c-a2d6-44ae-9fc6-8d1d837731da",
    "data": [
      {
        "text": "new Password",
        "userDefined": false
      }
    ],
    "isTemplate": false,
    "count": 0,
    "updated": 0
  },
  {
    "id": "c398d69a-9753-45b1-968d-6c838d287c21",
    "data": [
      {
        "text": "Change password",
        "userDefined": false
      }
    ],
    "isTemplate": false,
    "count": 0,
    "updated": 0
  },
  {
    "id": "6235bfb8-c6f6-49c1-9392-57429de2361e",
    "data": [
      {
        "text": "What is my password?",
        "userDefined": false
      }
    ],
    "isTemplate": false,
    "count": 0,
    "updated": 0
  },
  {
    "id": "1ebe586b-ca25-4b5b-b521-cd90c3ee126d",
    "data": [
      {
        "text": "How do I update my password?",
        "userDefined": false
      }
    ],
    "isTemplate": false,
    "count": 0,
    "updated": 0
  },
  {
    "id": "47b2cac5-fa96-44b9-9c8c-b15dd79fc5dd",
    "data": [
      {
        "text": "How do I change my password?",
        "userDefined": false
      }
    ],
    "isTemplate": false,
    "count": 0,
    "updated": 0
  },
  {
    "id": "d4fe1819-f9f3-4e18-9d1a-65d0169afa09",
    "data": [
      {
        "text": "I need to create a strong password",
        "userDefined": false
      }
    ],
    "isTemplate": false,
    "count": 0,
    "updated": 0
  },
  {
    "id": "3b2fec02-17da-497c-a465-b0606713dd28",
    "data": [
      {
        "text": "i need to create a new password",
        "userDefined": false
      }
    ],
    "isTemplate": false,
    "count": 0,
    "updated": 0
  },
  {
    "id": "ec4b8e2a-5466-494e-aac7-a3bb76d5b387",
    "data": [
      {
        "text": "update password",
        "userDefined": false
      }
    ],
    "isTemplate": false,
    "count": 0,
    "updated": 0
  },
  {
    "id": "9caae1bb-22f4-483d-9208-75e5dd8fab64",
    "data": [
      {
        "text": "change password",
        "userDefined": false
      }
    ],
    "isTemplate": false,
    "count": 0,
    "updated": 0
  },
  {
    "id": "1a6f48e1-1af3-4014-b500-a0dec3374484",
    "data": [
      {
        "text": "I forgot my password",
        "userDefined": false
      }
    ],
    "isTemplate": false,
    "count": 0,
    "updated": 0
  },
  {
    "id": "51701bdb-8170-444c-a205-bfc3e133a297",
    "data": [
      {
        "text": "I need to reset my password",
        "userDefined": false
      }
    ],
    "isTemplate": false,
    "count": 0,
    "updated": 0
  },
  {
    "id": "212b038a-952a-4e02-aa3c-83823e0c9343",
    "data": [
      {
        "text": "I want to reset my password",
        "userDefined": false
      }
    ],
    "isTemplate": false,
    "count": 0,
    "updated": 0
  }
]