[
  {
    "id": "be08eee7-197b-40cc-80e1-190bce286c64",
    "data": [
      {
        "text": "I want to pay my balance",
        "userDefined": false
      }
    ],
    "isTemplate": false,
    "count": 0,
    "updated": 0
  },
  {
    "id": "a2713cdf-1520-44f3-9888-3b8fbfe035f5",
    "data": [
      {
        "text": "How can I make a payment?",
        "userDefined": false
      }
    ],
    "isTemplate": false,
    "count": 0,
    "updated": 0
  },
  {
    "id": "62f90918-c0f4-4939-8c0f-e09d7d16bc5a",
    "data": [
      {
        "text": "I\u0027d like to pay my bill",
        "userDefined": false
      }
    ],
    "isTemplate": false,
    "count": 0,
    "updated": 0
  },
  {
    "id": "08469f24-6cb6-4bcb-b931-654b0451026f",
    "data": [
      {
        "text": "Can I pay my bill?",
        "userDefined": false
      }
    ],
    "isTemplate": false,
    "count": 0,
    "updated": 0
  },
  {
    "id": "ba83d292-68af-4ca3-a78c-34586ef8cbeb",
    "data": [
      {
        "text": "I need to make a payment",
        "userDefined": false
      }
    ],
    "isTemplate": false,
    "count": 0,
    "updated": 0
  },
  {
    "id": "f06a3103-33a9-4d22-91a3-cb04135bf8e3",
    "data": [
      {
        "text": "I need to pay my bill",
        "userDefined": false
      }
    ],
    "isTemplate": false,
    "count": 0,
    "updated": 0
  }
]