[
  {
    "id": "43147c63-82fe-4a93-8a8d-3b68011a54da",
    "data": [
      {
        "text": "goddammit",
        "meta": "@sys.ignore",
        "userDefined": false
      }
    ],
    "isTemplate": false,
    "count": 0,
    "updated": 0
  },
  {
    "id": "a6afc7fa-e902-4df0-860c-a8377b75e802",
    "data": [
      {
        "text": "agent please",
        "userDefined": false
      }
    ],
    "isTemplate": false,
    "count": 0,
    "updated": 0
  },
  {
    "id": "48572f22-f84a-4490-9a9c-b61da2bfa63e",
    "data": [
      {
        "text": "can i speak to an operator",
        "userDefined": false
      }
    ],
    "isTemplate": false,
    "count": 0,
    "updated": 0
  },
  {
    "id": "545fca39-45f4-4533-a156-2db8719c6ae1",
    "data": [
      {
        "text": "help",
        "meta": "@sys.ignore",
        "userDefined": false
      }
    ],
    "isTemplate": false,
    "count": 0,
    "updated": 0
  },
  {
    "id": "b0986165-610f-42a8-bab1-5bf68c56a7f1",
    "data": [
      {
        "text": "I think this is broken",
        "userDefined": false
      }
    ],
    "isTemplate": false,
    "count": 0,
    "updated": 0
  },
  {
    "id": "1cb301b0-ff2e-4427-b31b-88c610184659",
    "data": [
      {
        "text": "I\u0027m stuck",
        "userDefined": false
      }
    ],
    "isTemplate": false,
    "count": 0,
    "updated": 0
  },
  {
    "id": "1962d9c4-849e-4e78-972a-85374cf28dec",
    "data": [
      {
        "text": "I need to speak to a real person",
        "userDefined": false
      }
    ],
    "isTemplate": false,
    "count": 0,
    "updated": 0
  }
]