[
  {
    "id": "d3374ed9-acdd-4360-bb2c-cc4137e90650",
    "data": [
      {
        "text": "password",
        "userDefined": false
      }
    ],
    "isTemplate": false,
    "count": 0,
    "updated": 0
  },
  {
    "id": "53a2bba2-29d6-498c-873a-80a6c53a42b6",
    "data": [
      {
        "text": "Password help",
        "userDefined": false
      }
    ],
    "isTemplate": false,
    "count": 0,
    "updated": 0
  },
  {
    "id": "a063a651-5235-42ca-8b06-7f0b792cf70b",
    "data": [
      {
        "text": "What are the password requirements?",
        "userDefined": false
      }
    ],
    "isTemplate": false,
    "count": 0,
    "updated": 0
  },
  {
    "id": "e58258c4-c120-4233-ac00-7a5b5614b346",
    "data": [
      {
        "text": "new Password",
        "userDefined": false
      }
    ],
    "isTemplate": false,
    "count": 0,
    "updated": 0
  },
  {
    "id": "511591cc-5f84-454b-96aa-9740a8f13417",
    "data": [
      {
        "text": "Change password",
        "userDefined": false
      }
    ],
    "isTemplate": false,
    "count": 0,
    "updated": 0
  },
  {
    "id": "b5c0d91b-b7fa-40c2-bb55-e7d766a65933",
    "data": [
      {
        "text": "What is my password?",
        "userDefined": false
      }
    ],
    "isTemplate": false,
    "count": 0,
    "updated": 0
  },
  {
    "id": "32b8994e-5863-4197-b57f-e567f71b2501",
    "data": [
      {
        "text": "How do I update my password?",
        "userDefined": false
      }
    ],
    "isTemplate": false,
    "count": 0,
    "updated": 0
  },
  {
    "id": "09095d9d-ec4d-4cdc-872b-e5a381ac3807",
    "data": [
      {
        "text": "How do I change my password?",
        "userDefined": false
      }
    ],
    "isTemplate": false,
    "count": 0,
    "updated": 0
  },
  {
    "id": "212c8a62-c691-4bdf-862a-a6e9cce1aef0",
    "data": [
      {
        "text": "I need to create a strong password",
        "userDefined": false
      }
    ],
    "isTemplate": false,
    "count": 0,
    "updated": 0
  },
  {
    "id": "a487bf0a-8491-4a34-bbea-7205cbb12cbc",
    "data": [
      {
        "text": "i need to create a new password",
        "userDefined": false
      }
    ],
    "isTemplate": false,
    "count": 0,
    "updated": 0
  },
  {
    "id": "0a53c124-dbc2-404f-94ed-83cde1ff48ca",
    "data": [
      {
        "text": "update password",
        "userDefined": false
      }
    ],
    "isTemplate": false,
    "count": 0,
    "updated": 0
  },
  {
    "id": "684aa7c8-d73e-4e2e-bc7c-9c7af1f1cff5",
    "data": [
      {
        "text": "change password",
        "userDefined": false
      }
    ],
    "isTemplate": false,
    "count": 0,
    "updated": 0
  },
  {
    "id": "fc3370b8-b315-4661-9024-e92dcdc4dfa8",
    "data": [
      {
        "text": "I forgot my password",
        "userDefined": false
      }
    ],
    "isTemplate": false,
    "count": 0,
    "updated": 0
  },
  {
    "id": "37a504f5-2119-4346-8d2d-6cd63761d0ac",
    "data": [
      {
        "text": "I need to reset my password",
        "userDefined": false
      }
    ],
    "isTemplate": false,
    "count": 0,
    "updated": 0
  },
  {
    "id": "05925866-483d-4386-b97e-fa7ff3bf93a1",
    "data": [
      {
        "text": "I want to reset my password",
        "userDefined": false
      }
    ],
    "isTemplate": false,
    "count": 0,
    "updated": 0
  }
]