[
  {
    "id": "b0e2ba0d-058a-44c0-b59d-4c45510ba1f3",
    "data": [
      {
        "text": "password",
        "userDefined": false
      }
    ],
    "isTemplate": false,
    "count": 0,
    "updated": 0
  },
  {
    "id": "82c45073-5686-4aab-9936-5c53370a6627",
    "data": [
      {
        "text": "Password help",
        "userDefined": false
      }
    ],
    "isTemplate": false,
    "count": 0,
    "updated": 0
  },
  {
    "id": "7241081a-22f5-47af-923b-9c321e8c3758",
    "data": [
      {
        "text": "What are the password requirements?",
        "userDefined": false
      }
    ],
    "isTemplate": false,
    "count": 0,
    "updated": 0
  },
  {
    "id": "1ed7e180-b0e5-4e8f-b7a8-140330927800",
    "data": [
      {
        "text": "new Password",
        "userDefined": false
      }
    ],
    "isTemplate": false,
    "count": 0,
    "updated": 0
  },
  {
    "id": "1aca2a1c-f6bc-4037-9677-965d5e5e1a20",
    "data": [
      {
        "text": "Change password",
        "userDefined": false
      }
    ],
    "isTemplate": false,
    "count": 0,
    "updated": 0
  },
  {
    "id": "af94adec-d7c6-4792-b81f-984db2d5f279",
    "data": [
      {
        "text": "What is my password?",
        "userDefined": false
      }
    ],
    "isTemplate": false,
    "count": 0,
    "updated": 0
  },
  {
    "id": "88b26f32-3e29-4d9d-89cc-d1db7f47eac5",
    "data": [
      {
        "text": "How do I update my password?",
        "userDefined": false
      }
    ],
    "isTemplate": false,
    "count": 0,
    "updated": 0
  },
  {
    "id": "3874e1fe-0e90-4389-bb24-184eb90e47ef",
    "data": [
      {
        "text": "How do I change my password?",
        "userDefined": false
      }
    ],
    "isTemplate": false,
    "count": 0,
    "updated": 0
  },
  {
    "id": "14d1d4a9-8468-4a98-b4d7-da6fcda8aef6",
    "data": [
      {
        "text": "I need to create a strong password",
        "userDefined": false
      }
    ],
    "isTemplate": false,
    "count": 0,
    "updated": 0
  },
  {
    "id": "bb83bd8c-d84e-49ae-9e3a-a1601f00dbe1",
    "data": [
      {
        "text": "i need to create a new password",
        "userDefined": false
      }
    ],
    "isTemplate": false,
    "count": 0,
    "updated": 0
  },
  {
    "id": "60be73ff-71e3-4d4a-8856-376c23475352",
    "data": [
      {
        "text": "update password",
        "userDefined": false
      }
    ],
    "isTemplate": false,
    "count": 0,
    "updated": 0
  },
  {
    "id": "51da50ac-381b-4acb-9747-2e6738b29d95",
    "data": [
      {
        "text": "change password",
        "userDefined": false
      }
    ],
    "isTemplate": false,
    "count": 0,
    "updated": 0
  },
  {
    "id": "9300ef91-58c1-486b-a208-0ac5818d939a",
    "data": [
      {
        "text": "I forgot my password",
        "userDefined": false
      }
    ],
    "isTemplate": false,
    "count": 0,
    "updated": 0
  },
  {
    "id": "7dd9b810-065b-4280-b043-64c6638d4c26",
    "data": [
      {
        "text": "I need to reset my password",
        "userDefined": false
      }
    ],
    "isTemplate": false,
    "count": 0,
    "updated": 0
  },
  {
    "id": "77d6b6b4-5876-4ad1-9089-b7a316ed855f",
    "data": [
      {
        "text": "I want to reset my password",
        "userDefined": false
      }
    ],
    "isTemplate": false,
    "count": 0,
    "updated": 0
  }
]