[
  {
    "id": "bf34f692-06d6-4e9f-a7da-d8b98e417c1d",
    "data": [
      {
        "text": "When will my claim get paid?",
        "userDefined": false
      }
    ],
    "isTemplate": false,
    "count": 0,
    "updated": 0
  },
  {
    "id": "682f0491-9e91-4ba6-95e3-ad5f3f7876f6",
    "data": [
      {
        "text": "Has my claim been approved?",
        "userDefined": false
      }
    ],
    "isTemplate": false,
    "count": 0,
    "updated": 0
  },
  {
    "id": "b6b2b561-8cf0-4886-b64a-b83b181ec547",
    "data": [
      {
        "text": "I want to check my claim",
        "userDefined": false
      }
    ],
    "isTemplate": false,
    "count": 0,
    "updated": 0
  },
  {
    "id": "b236bc1f-760c-4027-8127-a1d3647f4c12",
    "data": [
      {
        "text": "Has my claim been denied?",
        "userDefined": false
      }
    ],
    "isTemplate": false,
    "count": 1,
    "updated": 0
  },
  {
    "id": "bb2f190c-e330-43f9-b3e5-ff0f76b7bb4f",
    "data": [
      {
        "text": "What is the status of my claim?",
        "userDefined": false
      }
    ],
    "isTemplate": false,
    "count": 0,
    "updated": 0
  },
  {
    "id": "eca4d59b-8881-4e87-87d2-82826ba182cf",
    "data": [
      {
        "text": "I\u0027d like to check the status of my claim",
        "userDefined": false
      }
    ],
    "isTemplate": false,
    "count": 0,
    "updated": 0
  }
]