[
  {
    "id": "0d36a870-5874-485a-b009-92e67b0ba6aa",
    "data": [
      {
        "text": "i need to reset my password",
        "userDefined": false
      }
    ],
    "isTemplate": false,
    "count": 0,
    "updated": 0
  },
  {
    "id": "716893c7-be30-4809-871a-d5e852835abf",
    "data": [
      {
        "text": "i need to create a strong password",
        "userDefined": false
      }
    ],
    "isTemplate": false,
    "count": 1,
    "updated": 0
  },
  {
    "id": "0fdf0c8a-845a-4448-a00e-a5c04febcf8a",
    "data": [
      {
        "text": "i forgot my password",
        "userDefined": false
      }
    ],
    "isTemplate": false,
    "count": 0,
    "updated": 0
  },
  {
    "id": "659fc125-b719-4c5d-981d-7211ea5c2be9",
    "data": [
      {
        "text": "how do I update my password",
        "userDefined": false
      }
    ],
    "isTemplate": false,
    "count": 0,
    "updated": 0
  },
  {
    "id": "53d7c92a-f62b-4f14-a8e9-e7063cb90000",
    "data": [
      {
        "text": "what is my password",
        "userDefined": false
      }
    ],
    "isTemplate": false,
    "count": 1,
    "updated": 0
  },
  {
    "id": "c5aa0d00-1eab-40ee-9fc0-88306c2d685e",
    "data": [
      {
        "text": "i need to change my password",
        "userDefined": false
      }
    ],
    "isTemplate": false,
    "count": 0,
    "updated": 0
  },
  {
    "id": "6779b2a3-ce53-4b52-832d-15d39af13b2b",
    "data": [
      {
        "text": "change password",
        "userDefined": false
      }
    ],
    "isTemplate": false,
    "count": 0,
    "updated": 0
  },
  {
    "id": "2c140b9f-c61b-4235-80cb-fa2e5909d2ed",
    "data": [
      {
        "text": "new password",
        "userDefined": false
      }
    ],
    "isTemplate": false,
    "count": 0,
    "updated": 0
  },
  {
    "id": "987144be-961a-44d3-8efc-15e1636a693d",
    "data": [
      {
        "text": "reset password",
        "userDefined": false
      }
    ],
    "isTemplate": false,
    "count": 0,
    "updated": 0
  },
  {
    "id": "c0f4f2b4-ec3c-4420-833b-2769bf4045d1",
    "data": [
      {
        "text": "password reset",
        "userDefined": false
      }
    ],
    "isTemplate": false,
    "count": 0,
    "updated": 0
  },
  {
    "id": "44390182-b364-4686-9e06-c4574877d25b",
    "data": [
      {
        "text": "password help",
        "userDefined": false
      }
    ],
    "isTemplate": false,
    "count": 0,
    "updated": 0
  },
  {
    "id": "58bb9893-27e7-43b5-8254-d41e95cc5217",
    "data": [
      {
        "text": "password",
        "meta": "@sys.ignore",
        "userDefined": false
      }
    ],
    "isTemplate": false,
    "count": 0,
    "updated": 0
  },
  {
    "id": "68d2e995-ccc2-4354-9b2d-43606ebdb670",
    "data": [
      {
        "text": "I\u0027m locked out of my account",
        "userDefined": false
      }
    ],
    "isTemplate": false,
    "count": 0,
    "updated": 0
  },
  {
    "id": "990e9115-0c6c-4178-ac9b-9d3fd221b7de",
    "data": [
      {
        "text": "My account is locked",
        "userDefined": false
      }
    ],
    "isTemplate": false,
    "count": 0,
    "updated": 0
  },
  {
    "id": "bc2839cf-704c-4484-86f0-fb509f6ec182",
    "data": [
      {
        "text": "I\u0027m locked out",
        "userDefined": false
      }
    ],
    "isTemplate": false,
    "count": 0,
    "updated": 0
  }
]