[
  {
    "id": "ef0f91d1-94ef-46a8-a970-60aabf75aa69",
    "data": [
      {
        "text": "When will my claim get paid?",
        "userDefined": false
      }
    ],
    "isTemplate": false,
    "count": 0,
    "updated": 0
  },
  {
    "id": "f268e07d-64db-409f-ace6-fcb791f09c8f",
    "data": [
      {
        "text": "Has my claim been approved?",
        "userDefined": false
      }
    ],
    "isTemplate": false,
    "count": 0,
    "updated": 0
  },
  {
    "id": "c62e29eb-6e80-4d3a-8558-1355026bd010",
    "data": [
      {
        "text": "I want to check my claim",
        "userDefined": false
      }
    ],
    "isTemplate": false,
    "count": 0,
    "updated": 0
  },
  {
    "id": "74c5dec1-1a1c-4ad4-90c3-6bb645f3d4cb",
    "data": [
      {
        "text": "Has my claim been denied?",
        "userDefined": false
      }
    ],
    "isTemplate": false,
    "count": 1,
    "updated": 0
  },
  {
    "id": "009e03a9-c4e0-4ebf-b6f6-56cb8cda6138",
    "data": [
      {
        "text": "What is the status of my claim?",
        "userDefined": false
      }
    ],
    "isTemplate": false,
    "count": 0,
    "updated": 0
  },
  {
    "id": "f3522352-8ed1-47e2-a33d-bb5b84768582",
    "data": [
      {
        "text": "I\u0027d like to check the status of my claim",
        "userDefined": false
      }
    ],
    "isTemplate": false,
    "count": 0,
    "updated": 0
  }
]