[
  {
    "id": "589ee3ec-991a-4020-884a-06e3b6afa6c8",
    "data": [
      {
        "text": "I want to pay my balance",
        "userDefined": false
      }
    ],
    "isTemplate": false,
    "count": 0,
    "updated": 0
  },
  {
    "id": "81c40fcc-6d87-4fc7-8c13-2cc6067da066",
    "data": [
      {
        "text": "How can I make a payment?",
        "userDefined": false
      }
    ],
    "isTemplate": false,
    "count": 0,
    "updated": 0
  },
  {
    "id": "6c064d9b-a8f9-4005-9abb-363d34124c19",
    "data": [
      {
        "text": "I\u0027d like to pay my bill",
        "userDefined": false
      }
    ],
    "isTemplate": false,
    "count": 0,
    "updated": 0
  },
  {
    "id": "cafb3994-13ec-4a43-b911-ad044fe50a36",
    "data": [
      {
        "text": "Can I pay my bill?",
        "userDefined": false
      }
    ],
    "isTemplate": false,
    "count": 0,
    "updated": 0
  },
  {
    "id": "e88524b6-d4b7-4ee9-9cf2-92918a73b1fa",
    "data": [
      {
        "text": "I need to make a payment",
        "userDefined": false
      }
    ],
    "isTemplate": false,
    "count": 0,
    "updated": 0
  },
  {
    "id": "d8222a25-b8be-4634-af2e-285a8feec12a",
    "data": [
      {
        "text": "I need to pay my bill",
        "userDefined": false
      }
    ],
    "isTemplate": false,
    "count": 0,
    "updated": 0
  }
]