[
  {
    "id": "468f73bd-8278-46ab-b007-81cacc87e351",
    "data": [
      {
        "text": "rich response please",
        "userDefined": false
      }
    ],
    "isTemplate": false,
    "count": 0,
    "updated": 0
  },
  {
    "id": "d6f6fa37-8c40-440e-9746-6b039bae212a",
    "data": [
      {
        "text": "i want a rich response",
        "userDefined": false
      }
    ],
    "isTemplate": false,
    "count": 0,
    "updated": 0
  },
  {
    "id": "233aba5d-5464-4317-8fdf-a34f58e1113a",
    "data": [
      {
        "text": "Show me a rich response item",
        "userDefined": false
      }
    ],
    "isTemplate": false,
    "count": 0,
    "updated": 0
  }
]