[
  {
    "id": "ca24f1a6-b997-4cb9-8d5a-a329e2789e2b",
    "data": [
      {
        "text": "this is bullshit",
        "userDefined": false
      }
    ],
    "isTemplate": false,
    "count": 0,
    "updated": 0
  },
  {
    "id": "e1f047d6-a129-4306-b541-a14b485dec12",
    "data": [
      {
        "text": "WTF",
        "userDefined": false
      }
    ],
    "isTemplate": false,
    "count": 0,
    "updated": 0
  },
  {
    "id": "889e04c7-06ca-4dd1-800c-c3bdef8436be",
    "data": [
      {
        "text": "fuck you",
        "userDefined": false
      }
    ],
    "isTemplate": false,
    "count": 0,
    "updated": 0
  },
  {
    "id": "284c3f32-63ee-42f8-910b-d76e22ba45d9",
    "data": [
      {
        "text": "goddammit",
        "meta": "@sys.ignore",
        "userDefined": false
      }
    ],
    "isTemplate": false,
    "count": 0,
    "updated": 0
  },
  {
    "id": "cf695490-92ac-451c-835e-7719d908b4fa",
    "data": [
      {
        "text": "agent please",
        "userDefined": false
      }
    ],
    "isTemplate": false,
    "count": 0,
    "updated": 0
  },
  {
    "id": "b0ced63a-c213-4e98-a7c4-82adff235f73",
    "data": [
      {
        "text": "can i speak to an operator",
        "userDefined": false
      }
    ],
    "isTemplate": false,
    "count": 0,
    "updated": 0
  },
  {
    "id": "2881a078-c3bd-47e8-a4fa-53762f2347ff",
    "data": [
      {
        "text": "help",
        "meta": "@sys.ignore",
        "userDefined": false
      }
    ],
    "isTemplate": false,
    "count": 0,
    "updated": 0
  },
  {
    "id": "3c6021b7-b9be-4c1e-8455-0fae606364bf",
    "data": [
      {
        "text": "I think this is broken",
        "userDefined": false
      }
    ],
    "isTemplate": false,
    "count": 0,
    "updated": 0
  },
  {
    "id": "64af6ebf-bf00-48f6-9143-0715e932e9f5",
    "data": [
      {
        "text": "I\u0027m stuck",
        "userDefined": false
      }
    ],
    "isTemplate": false,
    "count": 0,
    "updated": 0
  },
  {
    "id": "b62140da-987f-4028-9279-7315d1bd946d",
    "data": [
      {
        "text": "I need to speak to a real person",
        "userDefined": false
      }
    ],
    "isTemplate": false,
    "count": 0,
    "updated": 0
  }
]