[
  {
    "id": "6c92a4b2-49d9-4dfc-bf56-e483ee417265",
    "data": [
      {
        "text": "I\u0027m locked out",
        "userDefined": false
      }
    ],
    "isTemplate": false,
    "count": 0,
    "updated": 0
  },
  {
    "id": "b377fa36-5205-45ef-ba18-1e084e2c87a7",
    "data": [
      {
        "text": "My account is locked",
        "userDefined": false
      }
    ],
    "isTemplate": false,
    "count": 0,
    "updated": 0
  },
  {
    "id": "e7243698-dfb0-4f5e-a58f-92e16a2593fd",
    "data": [
      {
        "text": "I\u0027m locked out of my account",
        "userDefined": false
      }
    ],
    "isTemplate": false,
    "count": 0,
    "updated": 0
  },
  {
    "id": "ed0a7d8f-5fff-4c4b-988b-989decfd8148",
    "data": [
      {
        "text": "password",
        "userDefined": false
      }
    ],
    "isTemplate": false,
    "count": 0,
    "updated": 0
  },
  {
    "id": "f01a51e2-9ca3-4584-898c-6e2fd2de89e0",
    "data": [
      {
        "text": "Password help",
        "userDefined": false
      }
    ],
    "isTemplate": false,
    "count": 0,
    "updated": 0
  },
  {
    "id": "336f2045-3c09-44dc-91bf-3d2d6b1767e6",
    "data": [
      {
        "text": "What are the password requirements?",
        "userDefined": false
      }
    ],
    "isTemplate": false,
    "count": 0,
    "updated": 0
  },
  {
    "id": "a133d628-4e53-4454-b955-0715c44edd7f",
    "data": [
      {
        "text": "new Password",
        "userDefined": false
      }
    ],
    "isTemplate": false,
    "count": 0,
    "updated": 0
  },
  {
    "id": "b73ce527-e5da-4e65-9b6e-2d12a6690734",
    "data": [
      {
        "text": "Change password",
        "userDefined": false
      }
    ],
    "isTemplate": false,
    "count": 0,
    "updated": 0
  },
  {
    "id": "e592f6e9-dab2-4b74-ba0b-42b698042a5a",
    "data": [
      {
        "text": "What is my password?",
        "userDefined": false
      }
    ],
    "isTemplate": false,
    "count": 0,
    "updated": 0
  },
  {
    "id": "3adc16a7-b191-4fe2-ae2e-94018cb460a2",
    "data": [
      {
        "text": "How do I update my password?",
        "userDefined": false
      }
    ],
    "isTemplate": false,
    "count": 0,
    "updated": 0
  },
  {
    "id": "69606726-d2a8-49f9-8f5a-54fed133cb7a",
    "data": [
      {
        "text": "How do I change my password?",
        "userDefined": false
      }
    ],
    "isTemplate": false,
    "count": 0,
    "updated": 0
  },
  {
    "id": "b2a93a13-6aed-4fae-b136-05402ed7eaa8",
    "data": [
      {
        "text": "I need to create a strong password",
        "userDefined": false
      }
    ],
    "isTemplate": false,
    "count": 0,
    "updated": 0
  },
  {
    "id": "2e12c084-f54f-4bca-95d2-384100085eb5",
    "data": [
      {
        "text": "i need to create a new password",
        "userDefined": false
      }
    ],
    "isTemplate": false,
    "count": 0,
    "updated": 0
  },
  {
    "id": "27651f04-80fc-4a10-bb26-c2b6e4cfbecd",
    "data": [
      {
        "text": "update password",
        "userDefined": false
      }
    ],
    "isTemplate": false,
    "count": 0,
    "updated": 0
  },
  {
    "id": "0dafb903-c900-4948-8169-7626da34f55a",
    "data": [
      {
        "text": "change password",
        "userDefined": false
      }
    ],
    "isTemplate": false,
    "count": 0,
    "updated": 0
  },
  {
    "id": "4d6b5176-6a57-488f-be04-7ad05a70b769",
    "data": [
      {
        "text": "I forgot my password",
        "userDefined": false
      }
    ],
    "isTemplate": false,
    "count": 0,
    "updated": 0
  },
  {
    "id": "55ba9565-3212-411e-aa67-4843fd8f4e57",
    "data": [
      {
        "text": "I need to reset my password",
        "userDefined": false
      }
    ],
    "isTemplate": false,
    "count": 0,
    "updated": 0
  },
  {
    "id": "86b0544e-ffc7-4cb2-9d03-7ac75d8806a8",
    "data": [
      {
        "text": "I want to reset my password",
        "userDefined": false
      }
    ],
    "isTemplate": false,
    "count": 0,
    "updated": 0
  }
]