[
  {
    "id": "fb0f0060-5e25-43a8-a05e-472b406c18a0",
    "data": [
      {
        "text": "When will my claim get paid?",
        "userDefined": false
      }
    ],
    "isTemplate": false,
    "count": 0,
    "updated": 0
  },
  {
    "id": "90065a29-4603-4fe4-b5b3-4dabc9a540e7",
    "data": [
      {
        "text": "Has my claim been approved?",
        "userDefined": false
      }
    ],
    "isTemplate": false,
    "count": 0,
    "updated": 0
  },
  {
    "id": "509cc879-1c70-4ebb-bcd8-2bece1cb8842",
    "data": [
      {
        "text": "I want to check my claim",
        "userDefined": false
      }
    ],
    "isTemplate": false,
    "count": 0,
    "updated": 0
  },
  {
    "id": "b025b9b0-84f9-4fe6-8c99-679b28a3c762",
    "data": [
      {
        "text": "Has my claim been denied?",
        "userDefined": false
      }
    ],
    "isTemplate": false,
    "count": 1,
    "updated": 0
  },
  {
    "id": "f1623657-3a53-4704-a497-fd13442ebe1f",
    "data": [
      {
        "text": "What is the status of my claim?",
        "userDefined": false
      }
    ],
    "isTemplate": false,
    "count": 0,
    "updated": 0
  },
  {
    "id": "34234806-98ce-4317-88c8-0bbefe5d2c60",
    "data": [
      {
        "text": "I\u0027d like to check the status of my claim",
        "userDefined": false
      }
    ],
    "isTemplate": false,
    "count": 0,
    "updated": 0
  }
]