[
  {
    "id": "33637e0b-7900-4521-a48b-abf6c7810b1a",
    "data": [
      {
        "text": "I want to pay my balance",
        "userDefined": false
      }
    ],
    "isTemplate": false,
    "count": 0,
    "updated": 0
  },
  {
    "id": "6d08a23b-1c9b-479d-b7d1-ef864c768b68",
    "data": [
      {
        "text": "How can I make a payment?",
        "userDefined": false
      }
    ],
    "isTemplate": false,
    "count": 0,
    "updated": 0
  },
  {
    "id": "308c527d-b98d-4e81-88e0-dafec4a1b931",
    "data": [
      {
        "text": "I\u0027d like to pay my bill",
        "userDefined": false
      }
    ],
    "isTemplate": false,
    "count": 0,
    "updated": 0
  },
  {
    "id": "49048722-61c0-40b6-8401-9925258043bd",
    "data": [
      {
        "text": "Can I pay my bill?",
        "userDefined": false
      }
    ],
    "isTemplate": false,
    "count": 0,
    "updated": 0
  },
  {
    "id": "06c9fec3-7a50-43e1-ac3d-954b3035d450",
    "data": [
      {
        "text": "I need to make a payment",
        "userDefined": false
      }
    ],
    "isTemplate": false,
    "count": 0,
    "updated": 0
  },
  {
    "id": "5b17521c-62a9-46dc-b7b5-b1b636568949",
    "data": [
      {
        "text": "I need to pay my bill",
        "userDefined": false
      }
    ],
    "isTemplate": false,
    "count": 0,
    "updated": 0
  }
]