[
  {
    "id": "ba480132-7de0-49e0-92c4-3d6b3dccbc99",
    "data": [
      {
        "text": "rich response please",
        "userDefined": false
      }
    ],
    "isTemplate": false,
    "count": 0,
    "updated": 0
  },
  {
    "id": "5b9f3ffd-defc-4987-b2e2-bfce8371a403",
    "data": [
      {
        "text": "i want a rich response",
        "userDefined": false
      }
    ],
    "isTemplate": false,
    "count": 0,
    "updated": 0
  },
  {
    "id": "3b9c7627-93c4-4e45-8822-f4c4c78abb96",
    "data": [
      {
        "text": "Show me a rich response item",
        "userDefined": false
      }
    ],
    "isTemplate": false,
    "count": 0,
    "updated": 0
  }
]