[
  {
    "id": "83e846bb-e690-41e5-8367-dce06882ef5d",
    "data": [
      {
        "text": "send text",
        "userDefined": false
      }
    ],
    "isTemplate": false,
    "count": 0,
    "updated": 0
  },
  {
    "id": "d5bd607f-ba16-40a3-89ff-65e9032ddd13",
    "data": [
      {
        "text": "send an SMS",
        "userDefined": false
      }
    ],
    "isTemplate": false,
    "count": 0,
    "updated": 0
  },
  {
    "id": "2b16dd8b-baf1-48ab-8005-a580462a99cf",
    "data": [
      {
        "text": "send a text",
        "userDefined": false
      }
    ],
    "isTemplate": false,
    "count": 0,
    "updated": 0
  }
]