[
  {
    "id": "a455d9a5-13fe-42eb-a9ff-f8eeacd26f07",
    "data": [
      {
        "text": "this is bullshit",
        "userDefined": false
      }
    ],
    "isTemplate": false,
    "count": 0,
    "updated": 0
  },
  {
    "id": "8629d10d-dd99-4911-a58b-8ea1ad26b84d",
    "data": [
      {
        "text": "WTF",
        "userDefined": false
      }
    ],
    "isTemplate": false,
    "count": 0,
    "updated": 0
  },
  {
    "id": "11b52d16-5d59-43c6-929d-01a1eed19643",
    "data": [
      {
        "text": "fuck you",
        "userDefined": false
      }
    ],
    "isTemplate": false,
    "count": 0,
    "updated": 0
  },
  {
    "id": "7a752ab0-ca82-41a0-9ebb-3cc683c1a765",
    "data": [
      {
        "text": "goddammit",
        "meta": "@sys.ignore",
        "userDefined": false
      }
    ],
    "isTemplate": false,
    "count": 0,
    "updated": 0
  },
  {
    "id": "756f27d1-0346-4e54-8be6-a873e71655e0",
    "data": [
      {
        "text": "agent please",
        "userDefined": false
      }
    ],
    "isTemplate": false,
    "count": 0,
    "updated": 0
  },
  {
    "id": "242fa4d9-18e6-4002-a442-f4033b5424a8",
    "data": [
      {
        "text": "can i speak to an operator",
        "userDefined": false
      }
    ],
    "isTemplate": false,
    "count": 0,
    "updated": 0
  },
  {
    "id": "3e6adb1a-dbd3-4e9f-b929-9447e2c01339",
    "data": [
      {
        "text": "help",
        "meta": "@sys.ignore",
        "userDefined": false
      }
    ],
    "isTemplate": false,
    "count": 0,
    "updated": 0
  },
  {
    "id": "e8f857b8-ecdf-48ef-8c7a-2b013c7d98de",
    "data": [
      {
        "text": "I think this is broken",
        "userDefined": false
      }
    ],
    "isTemplate": false,
    "count": 0,
    "updated": 0
  },
  {
    "id": "6fb8f10c-1bcd-4188-82ae-467a2a7db9a8",
    "data": [
      {
        "text": "I\u0027m stuck",
        "userDefined": false
      }
    ],
    "isTemplate": false,
    "count": 0,
    "updated": 0
  },
  {
    "id": "746cd321-d1da-4f7d-abd3-1e13ec7e6f94",
    "data": [
      {
        "text": "I need to speak to a real person",
        "userDefined": false
      }
    ],
    "isTemplate": false,
    "count": 0,
    "updated": 0
  }
]